{"cameraMode":{"drawMode":0,"name":"Shaded","section":"Shading Mode"},"sceneLighting":true,"audioPlay":false,"sceneViewState":{"showFog":true,"showMaterialUpdate":false,"showSkybox":true,"showFlares":true,"showImageEffects":true,"showParticleSystems":true},"in2DMode":false,"pivot":{"x":-1.0219355821609498,"y":-5.595157146453857,"z":20.554584503173829},"rotation":{"x":0.16302531957626344,"y":-0.025162221863865854,"z":0.004158864263445139,"w":0.9862922430038452},"size":21.351205825805665,"orthographic":false}