{"cameraMode":{"drawMode":0,"name":"Shaded","section":"Shading Mode"},"sceneLighting":false,"audioPlay":false,"sceneViewState":{"showFog":true,"showMaterialUpdate":false,"showSkybox":false,"showFlares":true,"showImageEffects":true,"showParticleSystems":true},"in2DMode":false,"pivot":{"x":0.0017877817153930665,"y":0.8756278157234192,"z":0.027131199836730958},"rotation":{"x":-0.10505037754774094,"y":0.873418390750885,"z":-0.21680648624897004,"w":-0.4232017695903778},"size":1.4624207019805909,"orthographic":false}